variavel,periodo,alunos,media_inicial,media_final,variacao_media,percentual_melhorou
INDE,2022-2023,600,7.262788333333333,7.23577093567193,-0.024755380117543885,46.833333333333336
INDE,2023-2024,765,7.455472499986956,7.390439739811899,-0.05006125202290998,44.70588235294118
IDA,2022-2023,600,6.4673333333333325,6.602613240418119,0.11515679442508713,44.666666666666664
IDA,2023-2024,765,6.825685425685426,6.310966810966811,-0.4784457478005865,37.64705882352941
IEG,2022-2023,600,8.300833333333333,8.556271777003484,0.23484320557491292,55.50000000000001
IEG,2023-2024,765,8.864790764790765,7.260536573755121,-0.9465438014579125,28.366013071895424
IAN,2022-2023,600,6.525,6.920833333333333,0.3958333333333333,18.333333333333332
IAN,2023-2024,765,7.405228758169935,7.977124183006536,0.5718954248366013,22.875816993464053
DEFASAGEM,2022-2023,600,-0.8916666666666667,-0.735,0.15666666666666668,30.833333333333336
DEFASAGEM,2023-2024,765,-0.5895424836601307,-0.3241830065359477,0.265359477124183,40.91503267973856
