ano,fase_num,alunos,alunos_defasados,percentual_defasados
2022,0,190,121,63.68421052631579
2022,1,192,162,84.375
2022,2,155,111,71.61290322580646
2022,3,148,82,55.4054054054054
2022,4,76,50,65.78947368421053
2022,5,60,44,73.33333333333333
2022,7,21,16,76.19047619047619
2023,0,231,117,50.649350649350644
2023,1,173,132,76.30057803468208
2023,2,200,124,62.0
2023,3,132,63,47.72727272727273
2023,4,94,45,47.87234042553192
2023,5,65,41,63.07692307692307
2023,6,33,24,72.72727272727273
2023,7,23,6,26.08695652173913
2023,8,63,0,0.0
2024,0,196,147,75.0
2024,1,185,131,70.8108108108108
2024,2,185,69,37.2972972972973
2024,3,211,55,26.066350710900476
2024,4,115,64,55.65217391304348
2024,5,100,56,56.00000000000001
2024,6,25,12,48.0
2024,7,37,0,0.0
2024,8,64,0,0.0
2024,9,38,0,0.0
