ano,indicador,correlacao_com_IPV,forca_abs
2022,IDA,0.6237652233536596,0.6237652233536596
2022,IEG,0.5403337196287981,0.5403337196287981
2022,IAA,0.24464475045155087,0.24464475045155087
2022,IPS,0.1899288487725274,0.1899288487725274
2022,IPP,,
2023,IDA,0.5512658555210789,0.5512658555210789
2023,IEG,0.49201781000440037,0.49201781000440037
2023,IAA,0.15526612713827495,0.15526612713827495
2023,IPS,0.0724533799075313,0.0724533799075313
2023,IPP,0.5123800434094488,0.5123800434094488
2024,IDA,0.5480298299200126,0.5480298299200126
2024,IEG,0.5509500395873729,0.5509500395873729
2024,IAA,0.16330274768187525,0.16330274768187525
2024,IPS,0.04157378424945195,0.04157378424945195
2024,IPP,0.7051056862888887,0.7051056862888887
